{"train_loss": [2.8403659581066636, 1.5059543588409672, 1.1454928866220502, 0.9625261047969293, 0.8433875228553802, 0.7537809699617662, 0.686481303967084, 0.6317737010238773, 0.584562418431367, 0.5471304335423578], "train_acc": [30.122029942647167, 55.93887330238101, 64.4846934975296, 68.98043548427142, 72.00139037167614, 74.34019415547334, 76.07319313752265, 77.52315217121433, 78.84152245698537, 79.85140402711225], "val_loss": [1.6845389025405477, 1.151453182099446, 0.9164052367701334, 0.7827244999140516, 0.6748186818632524, 0.6364110185205785, 0.5450788870881277, 0.4945416534678186, 0.48547550024009506, 0.4268123170833596], "val_acc": [51.0651240161879, 63.944683069742034, 70.01266231347915, 73.9100479181667, 76.73920599846066, 77.49894480721007, 79.81726543684981, 81.34605357896567, 82.08965414504556, 83.5123023065273]}